{"chunk_definitions":[{"row":16,"row_count":1,"visible":true,"expansion_state":0,"options":{"engine":"r","echo":false,"warning":false,"message":false,"label":"unnamed-chunk-9"},"document_id":"1025131D","chunk_id":"ct6i2i7inf8dr","chunk_label":"unnamed-chunk-1"},{"row":23,"row_count":1,"visible":true,"expansion_state":0,"options":{"engine":"r","label":"unnamed-chunk-10"},"document_id":"1025131D","chunk_id":"ct64oa3lli1j0","chunk_label":"unnamed-chunk-2"},{"row":39,"row_count":1,"visible":true,"expansion_state":0,"options":{"engine":"r","echo":false,"message":false,"label":"unnamed-chunk-11"},"document_id":"1025131D","chunk_id":"cqhr9rrkf9g9f","chunk_label":"unnamed-chunk-3"},{"row":45,"row_count":1,"visible":true,"expansion_state":0,"options":{"engine":"r","label":"unnamed-chunk-12"},"document_id":"1025131D","chunk_id":"cgwqnwrttwlfp","chunk_label":"unnamed-chunk-4"},{"row":49,"row_count":1,"visible":true,"expansion_state":0,"options":{"engine":"r","echo":false,"label":"unnamed-chunk-13"},"document_id":"1025131D","chunk_id":"c50h5pxosxz28","chunk_label":"unnamed-chunk-5"},{"row":69,"row_count":1,"visible":true,"expansion_state":0,"options":{"engine":"r","echo":false,"out.width":"50%","message":false,"label":"unnamed-chunk-14"},"document_id":"1025131D","chunk_id":"cc61o9eqpu7or","chunk_label":"unnamed-chunk-6"}],"doc_write_time":1649292530}