{"chunk_definitions":[{"row":28,"row_count":1,"visible":true,"expansion_state":0,"options":{"engine":"r","label":"unnamed-chunk-3"},"document_id":"9F599AC6","chunk_id":"cfmz399o7iysj","chunk_label":"unnamed-chunk-1"},{"row":38,"row_count":1,"visible":true,"expansion_state":0,"options":{"engine":"r","echo":false,"label":"unnamed-chunk-4"},"document_id":"9F599AC6","chunk_id":"c4w8zhny3odl2","chunk_label":"unnamed-chunk-2"},{"row":49,"row_count":1,"visible":true,"expansion_state":0,"options":{"engine":"r","label":"unnamed-chunk-5"},"document_id":"9F599AC6","chunk_id":"cigw453nu0qbg","chunk_label":"unnamed-chunk-3"},{"row":60,"row_count":1,"visible":true,"expansion_state":0,"options":{"engine":"r","label":"unnamed-chunk-6"},"document_id":"9F599AC6","chunk_id":"c342eemgjlxdm","chunk_label":"unnamed-chunk-4"},{"row":71,"row_count":1,"visible":true,"expansion_state":0,"options":{"engine":"r","label":"unnamed-chunk-8"},"document_id":"9F599AC6","chunk_id":"cdthrjid8q9vt","chunk_label":"unnamed-chunk-5"}],"doc_write_time":1649653827}