"0",""
"0","mydata_wind<-mydata%>%"
"0","  filter(parameter!= 'Wind direction')%>%"
"0","  filter(parameter!= 'Visibility')%>%"
"0"," filter(parameter!= 'Wind speed')"
"0",""
"0","plotstov <- ggplot(mydata_wind, aes(x = parameter, y = measurement)) + "
"0","   geom_boxplot()+"
"0","   theme_bw(base_size = 8) "
"0"," # plot(plotstov)"
"0","figure_file = here(""results"",""boxplot.png"")"
"0","ggsave(filename = figure_file, plot=plotstov) "
"2","Saving 7 x 7 in image
"
"0","knitr::include_graphics(here(""results"", ""boxplot.png""))"
